term,scrapes_per_day
abrysvo,4.000000
acam2000,4.000000
acip,4.000000
acthib,4.000000
adacel,4.000000
advisory committee for immunization practices,14.272000
afluria,4.000000
agriflu,4.000000
anthrax,12.480000
arepanrix,4.000000
arexvy,4.000000
avaxim,4.000000
bacille calmette-guerin,4.000000
barekat,4.000000
beyfortus,4.000000
biothrax,4.000000
botulism,4.000000
cdc,4.000000
cervarix,4.000000
cholera,4.000000
cmv,4.000000
cody meissner,4.000000
comirnaty,4.000000
comvax,4.000000
convidecia,4.000000
corbevax,4.000000
coronavac,4.000000
coronavirus,4.000000
covaxin,4.000000
covid,8.287945
covid-19,4.000000
covifenz,4.000000
covishield,4.000000
covivac,4.000000
covovax,4.000000
curevac,4.000000
cytomegalovirus,4.000000
diphtheria,4.000000
dpt-hb-hib,4.000000
dtap,4.000000
dtap-hb-ipv,4.000000
dtap-hb-ipv-hib,4.000000
dtap-hib,4.000000
dtap-ipv,4.000000
dtap-ipv-hib,4.000000
dtwp-hb,4.000000
dukoral,4.000000
ebola,4.000000
encephalitis,6.400000
engerix,4.000000
enterovirus,4.000000
epaxal,4.000000
epivac,4.000000
epivaccorona,4.000000
ervebo,4.000000
flu,24.930272
fluad,4.000000
flucelvax,4.000000
flulaval,4.000000
flumist,4.000000
fluviral,4.000000
fluzone,4.000000
fsme-immun,4.000000
gamastan,4.000000
gardasil,4.000000
haemophilus influenzae,4.000000
havrix,4.000000
hep a,4.000000
hep b,5.824000
hepagam,4.000000
hepatitis a,4.000000
hepatitis b,4.000000
hhs,4.000000
hib,4.000000
hpv,8.918139
hpv-2,4.000000
hpv-4,4.000000
hpv-9,4.000000
human papilloma virus,4.000000
hyperrab,4.000000
hypertet,4.000000
imogam,4.000000
imovax,4.000000
imvamune,4.000000
inactivated poliovirus,4.000000
infanrix,4.000000
influenza,4.000000
influsplit,4.000000
influvac,4.000000
ixiaro,4.000000
jcovden,4.000000
kinrix,4.000000
lyme disease,4.000000
malaria,4.000000
martin kulldorff,4.000000
measles,12.928000
men-b,5.200971
men-c-acyw,4.000000
menactra,4.000000
meningitec,4.000000
meningitidis,4.000000
meningococcal,4.000000
menjugate,4.000000
menquadfi,4.000000
menveo,4.000000
mmr autism,4.000000
monkey pox,4.000000
monkeypox,4.000000
mpox,4.000000
mumps,4.000000
neisvac,4.000000
nimenrix,4.000000
nuvaxovid,4.000000
oxford-astrazeneca,4.000000
pediacel,4.000000
pediarix,4.000000
pedvaxhib,4.000000
pentacel,4.000000
pentavac,4.000000
pertussis,4.000000
plague,4.000000
pneu-c-10,4.000000
pneu-c-13,4.000000
pneu-c-15,4.000000
pneumo 23,4.000000
pneumococcal,4.000000
pneumovax,4.000000
polio,4.000000
poliomyelitis,4.000000
prevnar,4.000000
priorix,4.000000
qazcovid,4.000000
qazvac,4.000000
quadrivalent,4.000000
rabies,4.000000
recombivax,4.000000
respiratory syncytial virus,6.656000
retsef levi,4.000000
rfk,4.000000
rotateq,4.000000
rotavirus,4.000000
rsv,4.000000
rubella,4.000000
sars-cov-2,5.824000
shingles,4.000000
shingrix,4.000000
sinopharm,4.000000
smallpox,6.464000
soberana,4.000000
spikevax,4.000000
spikogen,4.000000
synagis,4.000000
synflorix,4.000000
td-ipv,4.000000
tdap,4.000000
tdap-ipv,4.000000
tetanus,4.000000
tetravac,4.000000
travelers diarrhea,5.120000
tripacel,4.000000
tritanrix,4.000000
trumenba,4.000000
tuberculosis,4.000000
twinrix,4.000000
typhim,4.000000
typhoid,6.976000
vaccination,4.000000
vaccinations,4.000000
vaccine,10.176000
vaccines,4.000000
vaqta,4.000000
varicella,4.000000
varilrix,4.000000
varivax,4.000000
varizig,4.000000
vaxigrip,4.000000
vaxneuvance,4.000000
vaxx,7.040000
vaxzevria,4.000000
vicky pebsworth,4.000000
vidprevtyn,4.000000
vivaxim,4.000000
vivotif,4.000000
whooping cough,4.480000
yellow fever,14.208000
zifivax,4.000000
zostavax,4.000000
